id,email,first_name,last_name,gender
1,ydorsay9@engadget.com,Andre,Silva,masculino
2,estudeart0@state.gov,Luiza,Andrade,feminino
3,atatlow0@cargocollective.com,Carlos,Castro,masculino
4,ooswick1@w3.org,Silvia,Pereira,feminino
5,zgarraway1@yandex.ru,Antonio,Coelho,masculino
6,rsilburn2@eventbrite.com,Bruna,Altman,feminino
7,astanislaw2@google.co.uk,Jeferson,Rush,masculino
8,aropkes3@hugedomains.com,Carla,Carvalho,feminino
9,dweighell3@reuters.com,Sergio,Boeira,masculino
10,jjowers4@sakura.ne.jp,Simone,Marmelo,feminino
11,jgreguoli4@zimbio.com,Eduardo,Orestes,masculino
12,asleeman5@businesswire.com,Viviane,Flaviano,feminino
13,lpomphrey5@netvibes.com,Roberto,Campos,masculino
14,mshillaker6@tripod.com,Karina,Netto,feminino
15,abellord6@illinois.edu,Francisco,Wyshf,masculino
16,tjewise7@si.edu,Lidia,Wainman,feminino
17,oreglar7@china.com.cn,Felipe,Krinberg,masculino
18,tregitz8@about.me,Lea,Olyash,feminino
19,aaskew8@miibeian.gov.cn,Marcelo,Zim,masculino
20,rkendred9@disqus.com,Miriam,Peixoto,feminino
